,Drinks,Drinks-category,recipe_links
0,Masala Chai Recipe (Indian Milk Tea With Spices),Beverages,https://www.vegrecipesofindia.com/masala-chai-recipe-masala-tea/
1,Filter Coffee Recipe (South Indian Coffee),Beverages,https://www.vegrecipesofindia.com/filter-coffee-recipe/
2,Kashmiri Kahwa Recipe | Kahwa Tea,Beverages,https://www.vegrecipesofindia.com/kahwa-tea/
3,Turmeric Milk | Golden Milk (Haldi Doodh),Beverages,https://www.vegrecipesofindia.com/turmeric-milk-recipe/
4,Green Tea Recipe,World Recipes,https://www.vegrecipesofindia.com/green-tea-green-tea-with-tulsi/
5,"Badam Milk Recipe, Sweet Creamy Badam ka Milk",Beverages,https://www.vegrecipesofindia.com/badam-milk-recipe/
6,Cutting Chai,Beverages,https://www.vegrecipesofindia.com/cutting-chai-recipe/
7,Dalgona Coffee Recipe | Korean Whipped Coffee,Beverages,https://www.vegrecipesofindia.com/whipped-coffee/
8,Virgin Pina Colada Recipe (No Alcohol Mocktail),Beverages,https://www.vegrecipesofindia.com/virgin-pina-colada-recipe/
9,Fruit Punch Recipe | Fruit Punch Mocktail,Beverages,https://www.vegrecipesofindia.com/fruit-punch-recipe/
10,Virgin Mojito Recipe | Refreshing Mojito Mocktail,Beverages,https://www.vegrecipesofindia.com/basil-lemon-mojito-recipe/
11,Watermelon Agua Fresca Recipe (Refreshing Mexican Drink),Juices,https://www.vegrecipesofindia.com/watermelon-agua-fresca/
12,Lassi Recipe (Authentic Punjabi Style),Beverages,https://www.vegrecipesofindia.com/sweet-lassi-punjabi-lassi/
13,Nimbu Pani | Shikanji (Indian Lemonade),Beverages,https://www.vegrecipesofindia.com/nimbu-pani-or-indian-lemonade/
14,Chaas Recipe (Mattha Recipe),Beverages,https://www.vegrecipesofindia.com/chaas-recipe-buttermilk-recipe/
15,Barley Water Recipe (Stovetop & Instant Pot),Beverages,https://www.vegrecipesofindia.com/barley-water-recipe/
16,Apple Juice Recipe (2 Flavor Variations),Juices,https://www.vegrecipesofindia.com/apple-juice/
17,Watermelon Juice Recipe + How to Cut Watermelon,Juices,https://www.vegrecipesofindia.com/watermelon-juice-fresh-watermelon-juice/
18,Orange Juice Recipe (Easy and Homemade),Juices,https://www.vegrecipesofindia.com/orange-juice-in-mixer-blender/
19,Mango Juice Recipe,Beverages,https://www.vegrecipesofindia.com/mango-juice/
20,Banana Milkshake Recipe | Wholesome Banana Shake,Milkshake Recipes,https://www.vegrecipesofindia.com/banana-milkshake/
21,Avocado Shake Recipe (Vegan),Milkshake Recipes,https://www.vegrecipesofindia.com/avocado-milkshake-recipe/
22,Blueberry Smoothie Recipe (Easy & Healthy),Smoothie,https://www.vegrecipesofindia.com/blueberry-smoothie-recipe/
23,Strawberry Smoothie | Strawberry Banana Smoothie,Smoothie,https://www.vegrecipesofindia.com/strawberry-smoothie-recipe/
24,Falooda Recipe with Ice Cream | Faluda Recipe,Beverages,https://www.vegrecipesofindia.com/falooda-recipe-how-to-make-falooda-recipe/
25,Cold Coffee Recipe | How to make Iced Coffee,Beverages,https://www.vegrecipesofindia.com/cold-coffee-recipe-coffee-milkshake/
26,Hot Chocolate Recipe (Rich & Creamy),Beverages,https://www.vegrecipesofindia.com/hot-chocolate/
27,Mango Mastani,Beverages,https://www.vegrecipesofindia.com/mango-mastani-recipe/
28,Cold Coffee Recipe | How to make Iced Coffee,Beverages,https://www.vegrecipesofindia.com/cold-coffee-recipe-coffee-milkshake/
29,Milk Masala Powder | Masala Dudh Powder,Vegan Recipes,https://www.vegrecipesofindia.com/masala-milk-powder-recipe-masala-doodh/
30,Lassi Recipe (Authentic Punjabi Style),Beverages,https://www.vegrecipesofindia.com/sweet-lassi-punjabi-lassi/
31,Orange Squash | Orange Drink,Beverages,https://www.vegrecipesofindia.com/orange-squash-recipe/
32,Kanji Recipe (Probiotic Drink),Beverages,https://www.vegrecipesofindia.com/carrot-kanji-gajar-kanji-recipe/
33,Mango Falooda,Beverages,https://www.vegrecipesofindia.com/mango-falooda-recipe/
34,Aam Panna Recipe – With Boiled and Roasted Mangoes,Beverages,https://www.vegrecipesofindia.com/aam-panna-recipe-aam-panna/
35,Kokum Juice Recipe | Kokum Sharbat | Kokum Benefits,Goan Recipes,https://www.vegrecipesofindia.com/kokum-sherbet/
36,Falooda Recipe with Ice Cream | Faluda Recipe,Beverages,https://www.vegrecipesofindia.com/falooda-recipe-how-to-make-falooda-recipe/
37,Mango Mastani,Beverages,https://www.vegrecipesofindia.com/mango-mastani-recipe/
38,Solkadhi Recipe | Solkadi (Kokum Curry),Goan Recipes,https://www.vegrecipesofindia.com/kokum-curry-sol-kadhi/
39,Khus Syrup | Khus Sharbat Recipe,Beverages,https://www.vegrecipesofindia.com/khus-syrup-recipe-khus-sherbet/
40,Lemon Squash | Lemon Syrup (Without Preservatives),Beverages,https://www.vegrecipesofindia.com/lemon-squash-recipe/
41,Dry Fruits Milkshake Recipe (Healthy & Energizing),Milkshake Recipes,https://www.vegrecipesofindia.com/dry-fruits-milkshake/
42,Sabja Seeds (Basil Seeds) | How to use Sabja Seeds & Benefits,DIY & Collections,https://www.vegrecipesofindia.com/basil-seeds-or-sabja-seeds/
43,Ginger Tea Recipe (Indian Adrak Chai),Beverages,https://www.vegrecipesofindia.com/ginger-tea-indian-ginger-tea-with-milk/
44,Paan Shots | Paan Milkshake,Beverages,https://www.vegrecipesofindia.com/paan-gulkand-drink/
45,Almond Milk Recipe | How to make Almond Milk,DIY & Collections,https://www.vegrecipesofindia.com/how-to-make-almond-milk/
46,Piyush Drink | Piyush Recipe,Beverages,https://www.vegrecipesofindia.com/piyush-recipe/
47,Mint Juice (Pudina Juice),Juices,https://www.vegrecipesofindia.com/mint-juice-recipe-mint-juice/
48,Mango Lassi Recipe (With Fresh Mangoes),Beverages,https://www.vegrecipesofindia.com/mango-lassi-recipe/
49,Filter Coffee Recipe (South Indian Coffee),Beverages,https://www.vegrecipesofindia.com/filter-coffee-recipe/
50,Ragi Malt | Healthy Ragi Java | Ragi Porridge,Breakfast Recipes,https://www.vegrecipesofindia.com/ragi-malt/
51,Virgin Pina Colada Recipe (No Alcohol Mocktail),Beverages,https://www.vegrecipesofindia.com/virgin-pina-colada-recipe/
52,Chaas Recipe (Mattha Recipe),Beverages,https://www.vegrecipesofindia.com/chaas-recipe-buttermilk-recipe/
53,Masala Chai Recipe (Indian Milk Tea With Spices),Beverages,https://www.vegrecipesofindia.com/masala-chai-recipe-masala-tea/
54,Strawberry Milkshake Recipe (Classic & Plant Based),Gluten Free Recipes,https://www.vegrecipesofindia.com/strawberry-milkshake-recipe/
55,Banana Milkshake Recipe | Wholesome Banana Shake,Milkshake Recipes,https://www.vegrecipesofindia.com/banana-milkshake/
56,Turmeric Tea Recipe And Benefits,Beverages,https://www.vegrecipesofindia.com/turmeric-tea/
57,Virgin Mojito Recipe | Refreshing Mojito Mocktail,Beverages,https://www.vegrecipesofindia.com/basil-lemon-mojito-recipe/
58,Guava Juice Recipe | How to make Guava Juice,Juices,https://www.vegrecipesofindia.com/guava-juice-recipe/
59,Hot Coffee | Beaten Coffee (Cafe Style),World Recipes,https://www.vegrecipesofindia.com/hot-coffee-recipe-cafe-style/
60,Herbal Tea | Herbal Chai,Beverages,https://www.vegrecipesofindia.com/herbal-tea-indian-herbal-tea/
61,Rose Lassi,Beverages,https://www.vegrecipesofindia.com/rose-lassi-recipe-lassi-recipes/
62,Grape Juice Recipe,Juices,https://www.vegrecipesofindia.com/black-grapes-juice-recipe/
63,Coffee Milkshake (With Ice Cream),Milkshake Recipes,https://www.vegrecipesofindia.com/cold-coffee-with-ice-cream-recipe/
64,Sattu Drink | Sattu Sharbat,Beverages,https://www.vegrecipesofindia.com/sattu-drink-recipe-sattu-sharbat/
65,Mango Tea (Mango Iced Tea),Beverages,https://www.vegrecipesofindia.com/mango-iced-tea/
66,Apple Milkshake,Milkshake Recipes,https://www.vegrecipesofindia.com/apple-milkshake-recipe/
67,Iced Tea Recipe | Lemon Iced Tea,Beverages,https://www.vegrecipesofindia.com/lemon-iced-tea-recipe/
68,Jackfruit Shake | Jackfruit Milkshake,Milkshake Recipes,https://www.vegrecipesofindia.com/jackfruit-shake-recipe/
69,Thandai Recipe – Traditional Drink for Holi,Beverages,https://www.vegrecipesofindia.com/thandai-recipe/
70,Rose Milkshake | Rose Milk,Beverages,https://www.vegrecipesofindia.com/rose-milk-recipe/
71,Mosambi Juice | Sweet Lime Juice,Juices,https://www.vegrecipesofindia.com/sweet-lime-juice-mosambi-juice/
72,Watermelon Juice Recipe + How to Cut Watermelon,Juices,https://www.vegrecipesofindia.com/watermelon-juice-fresh-watermelon-juice/
73,Nimbu Pani | Shikanji (Indian Lemonade),Beverages,https://www.vegrecipesofindia.com/nimbu-pani-or-indian-lemonade/
74,Jigarthanda Recipe (Jigarthanda Drink),Beverages,https://www.vegrecipesofindia.com/jigarthanda-recipe/
75,"Badam Milk Recipe, Sweet Creamy Badam ka Milk",Beverages,https://www.vegrecipesofindia.com/badam-milk-recipe/
76,Vanilla Milkshake Recipe (Cafe Style),Milkshake Recipes,https://www.vegrecipesofindia.com/vanilla-milkshake/
77,Kashmiri Kahwa Recipe | Kahwa Tea,Beverages,https://www.vegrecipesofindia.com/kahwa-tea/
78,Mint Tea (Pudina Tea),Beverages,https://www.vegrecipesofindia.com/mint-tea-chai/
79,Strawberry Lassi,Beverages,https://www.vegrecipesofindia.com/strawberry-lassi-recipe-lassi-recipes/
80,Green Tea Recipe,World Recipes,https://www.vegrecipesofindia.com/green-tea-green-tea-with-tulsi/
81,Chocolate Milkshake Recipe | Chocolate Shake,Milkshake Recipes,https://www.vegrecipesofindia.com/chocolate-milkshake-recipe/
82,Litchi Juice (Lychee Juice),Beverages,https://www.vegrecipesofindia.com/litchi-lemonade/
83,Chikoo Milkshake Recipe | Sapota Shake,Milkshake Recipes,https://www.vegrecipesofindia.com/chickoo-milkshake-sapota-milkshake/
84,Fig Milkshake (Anjeer Shake),Milkshake Recipes,https://www.vegrecipesofindia.com/figs-milkshake-recipe/
85,Muskmelon Juice (Cantaloupe Juice),Juices,https://www.vegrecipesofindia.com/musk-melon-juice/
86,Pineapple Juice Recipe (Using Blender),Juices,https://www.vegrecipesofindia.com/fresh-pineapple-juice-recipe/
87,Cutting Chai,Beverages,https://www.vegrecipesofindia.com/cutting-chai-recipe/
88,Cutting Chai,Beverages,https://www.vegrecipesofindia.com/cutting-chai-recipe/
89,Orange Juice Recipe (Easy and Homemade),Juices,https://www.vegrecipesofindia.com/orange-juice-in-mixer-blender/
90,Fruit Punch Recipe | Fruit Punch Mocktail,Beverages,https://www.vegrecipesofindia.com/fruit-punch-recipe/
91,Pineapple Smoothie (Healthy 3 Ingredient Recipe),Smoothie,https://www.vegrecipesofindia.com/pineapple-smoothie-recipe/
92,Turmeric Milk | Golden Milk (Haldi Doodh),Beverages,https://www.vegrecipesofindia.com/turmeric-milk-recipe/
93,Avocado Shake Recipe (Vegan),Milkshake Recipes,https://www.vegrecipesofindia.com/avocado-milkshake-recipe/
94,Watermelon Agua Fresca Recipe (Refreshing Mexican Drink),Juices,https://www.vegrecipesofindia.com/watermelon-agua-fresca/
95,Barley Water Recipe (Stovetop & Instant Pot),Beverages,https://www.vegrecipesofindia.com/barley-water-recipe/
96,Mango Juice Recipe,Beverages,https://www.vegrecipesofindia.com/mango-juice/
97,Oats Smoothie | Oatmeal Smoothie,Smoothie,https://www.vegrecipesofindia.com/oats-fruits-smoothie-recipe/
98,Panakam Recipe | Panagam For Ram Navami Festival,Beverages,https://www.vegrecipesofindia.com/panakam-recipe-panagam-recipe/
99,Nannari Sarbath | Nannari Syrup | Nannari Sharbat,Beverages,https://www.vegrecipesofindia.com/nannari-syrup-recipe/
100,Strawberry Smoothie | Strawberry Banana Smoothie,Smoothie,https://www.vegrecipesofindia.com/strawberry-smoothie-recipe/
101,Apple Smoothie Recipe,Smoothie,https://www.vegrecipesofindia.com/apple-smoothie-recipe/
102,Gond Ka Sharbat | Gond Katira Recipe,Beverages,https://www.vegrecipesofindia.com/gond-ka-sharbat-recipe/
103,Blueberry Smoothie Recipe (Easy & Healthy),Smoothie,https://www.vegrecipesofindia.com/blueberry-smoothie-recipe/
104,Dalgona Coffee Recipe | Korean Whipped Coffee,Beverages,https://www.vegrecipesofindia.com/whipped-coffee/
105,Blueberry Juice,Juices,https://www.vegrecipesofindia.com/blueberry-juice-recipe/
106,Rooh Afza Sharbat | Rooh Afza Drink (Ruabja Sharbat),Beverages,https://www.vegrecipesofindia.com/rooh-afza-with-sabza-seeds/
107,Refreshing Pear Juice Recipe,Juices,https://www.vegrecipesofindia.com/pear-juice-recipe/
108,Ugadi Pachadi Recipe,Beverages,https://www.vegrecipesofindia.com/ugadi-pachadi-recipe/
109,Apple Juice Recipe (2 Flavor Variations),Juices,https://www.vegrecipesofindia.com/apple-juice/
110,Carrot Juice Recipe (Juicing Carrots in Blender and Juicer),Juices,https://www.vegrecipesofindia.com/carrot-juice-recipe/
111,Mango Shake Recipe (2 Delicious Milkshake),Milkshake Recipes,https://www.vegrecipesofindia.com/mango-milkshake/
112,Fresh Pomegranate Juice (Anar Juice),Juices,https://www.vegrecipesofindia.com/pomegranate-juice-recipe/
113,Pomegranate Smoothie Recipe,Smoothie,https://www.vegrecipesofindia.com/pomegranate-smoothie-recipe/
114,Strawberry Milk Recipe (Korean Style),World Recipes,https://www.vegrecipesofindia.com/strawberry-milk/
115,Cherry Smoothie | Banana Cherry Smoothie,Smoothie,https://www.vegrecipesofindia.com/cherry-smoothie-recipe/
116,Masala Milk | Masala Doodh,Beverages,https://www.vegrecipesofindia.com/masala-milk-recipe/
117,Mango Smoothie Recipe (5 Healthy Variations),Smoothie,https://www.vegrecipesofindia.com/mango-smoothie-recipe/
118,Majjiga | Sambaram | Neer Mor,Beverages,https://www.vegrecipesofindia.com/neer-mor-recipe-neer-majjige/
119,Fig Smoothie | Banana Fig Smoothie,Smoothie,https://www.vegrecipesofindia.com/figs-smoothie-recipe/
120,Wood Apple Juice | Wood Apple Recipe,Beverages,https://www.vegrecipesofindia.com/wood-apple-juice/
121,Fruit Lassi,Beverages,https://www.vegrecipesofindia.com/fruit-lassi-recipe/
122,Hot Chocolate Recipe (Rich & Creamy),Beverages,https://www.vegrecipesofindia.com/hot-chocolate/
123,Banana Smoothie Recipe (Plant Based),Smoothie,https://www.vegrecipesofindia.com/banana-smoothie-recipe/
